city,town,AKP,CHP,MHP,HDP,others
Adana,ALADAĞ,57.02,11.91,27.67,0.35,1.02
Adana,CEYHAN,33.1,27.7,21.82,15.43,0.48
Adana,ÇUKUROVA,28.06,43.19,21.55,5.35,0.57
Adana,FEKE,54.69,15.14,25.56,0.27,1.0
Adana,İMAMOĞLU,53.09,18.22,24.42,1.68,1.0
Adana,KARAİSALI,59.73,9.45,27.77,0.41,0.75
Adana,KARATAŞ,27.17,40.15,26.17,4.94,0.34
Adana,KOZAN,50.13,18.25,28.12,0.61,0.99
Adana,POZANTI,52.71,20.43,22.92,1.0,0.98
Adana,SAİMBEYLİ,54.62,11.06,30.83,0.35,0.79
Adana,SARIÇAM,44.69,16.19,32.97,3.87,0.67
Adana,SEYHAN,32.24,32.95,14.57,18.32,0.63
Adana,TUFANBEYLİ,47.31,19.73,28.93,0.61,0.89
Adana,YUMURTALIK,37.26,26.59,31.62,1.53,0.8
Adana,YÜREĞİR,42.75,24.65,15.48,15.1,0.6
Adıyaman,BESNİ,67.43,16.54,4.2,8.83,1.03
Adıyaman,ÇELİKHAN,65.63,9.44,1.49,20.74,1.19
Adıyaman,GERGER,85.12,3.36,0.96,7.67,1.02
Adıyaman,GÖLBAŞI,58.12,25.11,8.03,5.99,0.63
Adıyaman,KAHTA,82.78,2.24,0.64,12.52,0.66
Adıyaman,Merkez,64.19,11.97,2.91,19.0,0.64
Adıyaman,SAMSAT,86.19,2.85,2.32,5.81,1.97
Adıyaman,SİNCİK,95.94,0.85,0.6,1.55,0.42
Adıyaman,TUT,66.21,20.46,5.51,4.75,0.6
Afyonkarahisar,BAŞMAKÇI,48.93,29.83,18.19,0.32,0.7
Afyonkarahisar,BAYAT,62.03,17.62,14.99,0.65,1.89
Afyonkarahisar,BOLVADİN,71.59,10.13,15.71,0.43,0.67
Afyonkarahisar,ÇAY,54.12,23.24,19.36,0.54,0.66
Afyonkarahisar,ÇOBANLAR,64.61,11.89,21.55,0.18,0.55
Afyonkarahisar,DAZKIRI,51.72,24.24,20.77,0.36,0.69
Afyonkarahisar,DİNAR,50.16,22.26,23.68,0.59,1.05
Afyonkarahisar,EMİRDAĞ,57.46,23.71,15.21,0.72,0.76
Afyonkarahisar,EVCİLER,47.28,29.23,20.63,0.29,0.48
Afyonkarahisar,HOCALAR,66.07,9.14,20.62,0.24,0.91
Afyonkarahisar,İHSANİYE,70.66,11.31,15.6,0.22,0.6
Afyonkarahisar,İSCEHİSAR,77.28,6.44,11.58,0.31,2.0
Afyonkarahisar,KIZILÖREN,47.97,14.11,33.35,0.23,1.52
Afyonkarahisar,Merkez,66.54,13.58,16.69,0.74,0.83
Afyonkarahisar,SANDIKLI,63.48,13.92,18.59,0.41,1.14
Afyonkarahisar,SİNANPAŞA,69.65,13.16,13.92,0.24,0.85
Afyonkarahisar,SULTANDAĞI,30.65,48.19,16.82,1.2,0.8
Afyonkarahisar,ŞUHUT,66.89,17.86,12.11,0.16,0.75
Ağrı,DİYADİN,12.96,1.33,0.82,82.33,0.68
Ağrı,DOĞUBAYAZIT,11.0,1.18,0.92,84.92,0.67
Ağrı,ELEŞKİRT,57.02,1.35,1.49,37.94,0.5
Ağrı,HAMUR,36.18,1.54,0.55,59.32,0.82
Ağrı,Merkez,43.89,1.67,2.4,49.67,0.79
Ağrı,PATNOS,16.08,0.85,0.76,80.58,0.53
Ağrı,TAŞLIÇAY,20.92,1.42,2.65,73.1,0.47
Ağrı,TUTAK,26.41,1.26,3.19,67.37,0.63
Aksaray,AĞAÇÖREN,76.18,5.1,15.27,0.1,0.73
Aksaray,ESKİL,77.78,6.03,13.87,0.12,0.65
Aksaray,GÜLAĞAÇ,65.72,19.16,11.75,0.86,0.62
Aksaray,GÜZELYURT,70.37,15.26,11.61,0.33,0.42
Aksaray,Merkez,71.5,6.39,19.22,0.92,0.6
Aksaray,ORTAKÖY,71.24,7.47,17.96,0.43,0.61
Aksaray,SARIYAHŞİ,64.2,10.64,19.93,0.38,2.05
Amasya,GÖYNÜCEK,59.88,21.48,14.57,1.15,0.65
Amasya,GÜMÜŞHACIKÖY,38.44,45.59,11.8,1.19,0.85
Amasya,HAMAMÖZÜ,57.98,24.54,13.45,0.18,1.04
Amasya,Merkez,51.42,22.87,22.7,0.81,0.59
Amasya,MERZİFON,43.62,34.71,18.22,0.92,0.75
Amasya,SULUOVA,70.22,11.33,14.81,0.54,1.11
Amasya,TAŞOVA,49.42,12.52,34.72,0.38,0.64
Ankara,AKYURT,76.8,7.97,11.11,1.32,1.38
Ankara,BALA,64.12,14.26,11.29,8.3,0.5
Ankara,ÇANKAYA,22.41,55.89,12.71,6.98,0.75
Ankara,ELMADAĞ,45.64,29.64,17.79,3.66,1.69
Ankara,ETİMESGUT,45.59,30.49,17.87,4.05,0.69
Ankara,EVREN,58.48,19.85,18.43,0.34,0.74
Ankara,GÖLBAŞI,52.77,22.86,17.48,4.44,0.79
Ankara,HAYMANA,69.54,10.17,6.55,11.38,0.92
Ankara,MAMAK,49.46,32.71,11.79,3.96,0.64
Ankara,POLATLI,56.5,19.2,17.54,4.41,0.78
Ankara,SİNCAN,64.82,14.68,15.33,2.83,1.07
Ankara,ŞEREFLİKOÇHİSAR,54.88,19.97,18.78,3.96,0.55
Ankara,AKYURT,0.0,0.0,0.0,0.0,0.0
Ankara,ALTINDAĞ,63.18,21.53,9.96,3.06,0.86
Ankara,AYAŞ,54.78,19.26,18.7,2.11,2.39
Ankara,BEYPAZARI,59.85,13.96,22.75,0.7,0.84
Ankara,ÇAMLIDERE,80.63,8.83,8.13,0.14,0.66
Ankara,ÇUBUK,75.72,10.43,10.22,1.15,1.14
Ankara,ELMADAĞ,0.0,0.0,0.0,0.0,0.0
Ankara,GÜDÜL,67.14,14.4,15.11,0.29,0.88
Ankara,KALECİK,64.34,17.41,14.79,0.63,0.77
Ankara,KAZAN,68.19,11.24,16.89,1.72,0.78
Ankara,KEÇİÖREN,55.5,24.38,15.11,2.92,0.83
Ankara,KIZILCAHAMAM,67.02,10.6,18.99,0.35,1.11
Ankara,NALLIHAN,52.39,24.06,19.56,0.4,0.84
Ankara,PURSAKLAR,75.49,9.31,11.73,1.06,1.2
Ankara,YENİMAHALLE,42.72,36.49,14.35,4.39,0.68
Antalya,AKSEKİ,54.32,30.24,11.47,0.37,0.8
Antalya,AKSU,47.49,23.11,21.29,5.82,0.65
Antalya,ALANYA,49.44,22.16,22.02,3.88,0.54
Antalya,DEMRE,48.27,27.32,19.13,1.08,1.87
Antalya,DÖŞEMEALTI,47.84,29.62,15.39,4.74,0.6
Antalya,ELMALI,49.54,28.87,16.58,1.58,0.95
Antalya,FİNİKE,42.93,33.05,19.25,2.22,0.47
Antalya,GAZİPAŞA,40.4,33.58,21.25,1.21,0.82
Antalya,GÜNDOĞMUŞ,55.78,18.8,19.04,0.6,1.4
Antalya,İBRADI,48.99,39.08,8.17,0.42,1.27
Antalya,KAŞ,42.62,35.12,16.85,2.21,0.54
Antalya,KEMER,37.5,33.91,20.73,6.23,0.36
Antalya,KEPEZ,44.98,26.36,16.08,10.7,0.48
Antalya,KONYAALTI,27.39,50.71,13.91,6.19,0.45
Antalya,KORKUTELİ,51.91,24.5,17.86,1.27,2.29
Antalya,KUMLUCA,45.11,29.06,19.88,3.66,0.52
Antalya,MANAVGAT,43.96,31.31,19.15,3.17,0.57
Antalya,MURATPAŞA,30.88,46.91,14.43,6.02,0.45
Antalya,SERİK,42.54,29.7,23.72,1.74,0.57
Ardahan,ÇILDIR,39.3,38.61,15.11,1.55,1.01
Ardahan,DAMAL,8.99,79.49,1.68,6.64,1.05
Ardahan,GÖLE,47.39,14.48,2.14,31.5,1.96
Ardahan,HANAK,28.01,53.22,10.06,5.03,0.79
Ardahan,Merkez,29.03,23.32,12.54,31.99,0.79
Ardahan,POSOF,62.79,22.35,8.15,3.19,0.85
Artvin,ARDANUÇ,33.23,49.0,11.94,1.34,1.02
Artvin,ARHAVİ,51.78,33.6,9.81,1.2,1.28
Artvin,BORÇKA,57.06,24.6,13.49,1.31,1.08
Artvin,HOPA,33.41,45.84,12.12,5.69,0.74
Artvin,Merkez,39.79,39.27,15.66,1.4,0.91
Artvin,MURGUL,38.64,35.15,21.98,1.01,0.57
Artvin,ŞAVŞAT,38.69,41.45,13.26,1.37,0.99
Artvin,YUSUFELİ,67.19,13.37,14.43,0.28,0.96
Aydın,AYDIN MERKEZ,0.0,0.0,0.0,0.0,0.0
Aydın,BOZDOĞAN,41.41,38.23,15.11,0.63,0.89
Aydın,BUHARKENT,40.22,36.87,16.2,3.3,0.58
Aydın,ÇİNE,41.08,42.99,11.29,0.85,0.84
Aydın,DİDİM,24.89,47.51,12.27,13.38,0.64
Aydın,EFELER,33.4,39.93,16.64,7.7,0.56
Aydın,GERMENCİK,27.46,36.84,16.49,16.61,0.52
Aydın,İNCİRLİOVA,39.09,36.44,16.62,5.62,0.44
Aydın,KARACASU,36.8,43.52,15.14,0.58,0.93
Aydın,KARPUZLU,54.0,31.03,10.36,0.3,0.87
Aydın,KOÇARLI,45.53,37.86,12.37,1.5,0.58
Aydın,KÖŞK,58.12,17.8,15.42,5.26,0.87
Aydın,KUŞADASI,23.66,54.04,13.17,7.19,0.72
Aydın,KUYUCAK,42.94,41.56,12.0,0.3,0.6
Aydın,NAZİLLİ,35.16,38.17,18.19,5.74,0.59
Aydın,SÖKE,26.45,41.51,18.79,11.24,0.44
Aydın,SULTANHİSAR,34.8,40.0,16.02,6.62,0.46
Aydın,YENİPAZAR,44.61,34.91,17.03,0.89,0.41
Balıkesir,ALTIEYLÜL,52.31,27.26,16.38,1.6,0.72
Balıkesir,AYVALIK,24.79,54.33,13.09,5.77,0.76
Balıkesir,BALIKESİR MERKEZ,0.0,0.0,0.0,0.0,0.0
Balıkesir,BALYA,43.81,37.58,12.92,1.25,0.95
Balıkesir,BANDIRMA,36.66,42.88,14.77,3.36,0.78
Balıkesir,BİGADİÇ,58.56,23.07,13.82,0.9,1.65
Balıkesir,BURHANİYE,34.17,46.0,12.72,4.74,0.64
Balıkesir,DURSUNBEY,77.9,8.27,9.08,0.29,2.11
Balıkesir,EDREMİT,31.63,46.85,14.11,5.0,0.71
Balıkesir,ERDEK,31.72,55.92,8.55,1.82,0.7
Balıkesir,GÖMEÇ,33.68,44.46,14.21,5.44,0.48
Balıkesir,GÖNEN,46.73,34.34,14.61,1.55,0.75
Balıkesir,HAVRAN,55.26,25.64,15.11,0.3,1.0
Balıkesir,İVRİNDİ,59.44,21.37,14.73,0.37,1.18
Balıkesir,KARESİ,52.29,26.04,17.91,1.05,0.99
Balıkesir,KEPSUT,68.02,14.12,13.27,0.48,1.76
Balıkesir,MANYAS,37.76,43.71,14.91,0.86,0.69
Balıkesir,MARMARA,44.76,38.96,10.51,3.98,0.36
Balıkesir,SAVAŞTEPE,55.49,22.33,18.73,0.68,0.62
Balıkesir,SINDIRGI,52.64,26.6,16.63,0.27,1.28
Balıkesir,SUSURLUK,42.49,39.96,13.85,0.99,0.8
Bartın,AMASRA,39.44,45.27,8.97,1.18,1.77
Bartın,KURUCAŞİLE,42.52,40.13,9.55,0.52,2.64
Bartın,Merkez,53.35,29.5,11.32,0.87,2.03
Bartın,ULUS,65.25,21.59,6.2,0.46,1.7
Batman,BEŞİRİ,29.86,0.49,0.32,67.81,0.41
Batman,GERCÜŞ,41.26,1.27,1.07,54.35,0.63
Batman,HASANKEYF,41.83,3.46,1.01,51.73,0.47
Batman,KOZLUK,27.98,1.24,0.35,69.37,0.32
Batman,Merkez,26.02,0.95,0.63,70.75,0.61
Batman,SASON,52.94,5.27,1.19,38.25,0.64
Bayburt,AYDINTEPE,72.97,1.93,21.27,0.1,1.56
Bayburt,DEMİRÖZÜ,82.67,3.67,10.78,0.45,1.13
Bayburt,Merkez,72.12,1.84,22.4,0.65,1.45
Bilecik,BOZÜYÜK,41.24,36.45,15.56,3.78,0.95
Bilecik,GÖLPAZARI,49.72,35.35,9.42,0.65,0.85
Bilecik,İNHİSAR,48.39,36.91,8.8,0.82,1.2
Bilecik,Merkez,45.93,35.16,13.62,2.24,0.75
Bilecik,OSMANELİ,53.63,28.27,13.35,0.78,1.57
Bilecik,PAZARYERİ,52.58,26.93,14.56,2.43,0.6
Bilecik,SÖĞÜT,50.25,29.54,14.34,1.52,2.09
Bilecik,YENİPAZAR,57.68,28.23,10.3,0.17,0.89
Bingöl,ADAKLI,59.61,3.06,2.09,31.03,1.2
Bingöl,GENÇ,81.25,0.49,1.1,14.84,0.57
Bingöl,KARLIOVA,28.19,0.8,0.87,67.88,0.6
Bingöl,KİĞI,37.37,11.3,5.08,42.45,0.7
Bingöl,Merkez,66.31,1.07,1.99,27.72,1.06
Bingöl,SOLHAN,82.13,0.44,1.33,13.94,0.72
Bingöl,YAYLADERE,23.56,7.57,4.58,61.41,0.85
Bingöl,YEDİSU,28.01,18.86,1.11,48.67,0.74
Bitlis,ADİLCEVAZ,39.55,3.39,3.88,51.26,0.58
Bitlis,AHLAT,37.48,2.36,4.87,53.81,0.44
Bitlis,GÜROYMAK,39.43,1.43,0.51,56.65,0.46
Bitlis,HİZAN,38.34,0.99,0.63,56.94,0.84
Bitlis,Merkez,48.9,4.36,2.12,42.44,0.66
Bitlis,MUTKİ,73.31,4.74,0.88,18.67,0.68
Bitlis,TATVAN,39.02,2.19,1.35,55.62,0.49
Bolu,DÖRTDİVAN,85.97,4.66,5.78,0.17,1.16
Bolu,GEREDE,87.42,4.18,5.43,0.23,1.09
Bolu,GÖYNÜK,74.72,11.35,8.23,0.29,1.74
Bolu,KIBRISCIK,49.75,36.04,8.17,0.45,1.47
Bolu,MENGEN,55.79,31.6,8.14,0.37,1.2
Bolu,Merkez,56.48,26.04,12.57,1.59,1.03
Bolu,MUDURNU,60.01,21.7,12.5,0.43,1.2
Bolu,SEBEN,56.79,21.69,16.71,0.36,0.9
Bolu,YENİÇAĞA,79.75,9.86,4.78,0.16,3.23
Burdur,AĞLASUN,65.15,14.72,15.81,0.19,1.01
Burdur,ALTINYAYLA,72.93,8.92,12.85,0.28,0.98
Burdur,BUCAK,61.16,12.01,22.74,0.55,1.12
Burdur,ÇAVDIR,48.2,25.61,21.74,0.4,0.71
Burdur,ÇELTİKÇİ,62.53,16.98,15.8,0.15,1.15
Burdur,GÖLHİSAR,64.97,14.32,16.85,0.29,0.77
Burdur,KARAMANLI,40.56,37.07,17.61,0.98,1.18
Burdur,KEMER,64.15,16.91,14.33,0.04,1.83
Burdur,Merkez,41.85,33.92,19.07,1.21,1.36
Burdur,TEFENNİ,41.96,24.13,29.73,0.37,0.78
Burdur,YEŞİLOVA,35.02,43.29,16.21,0.42,1.06
Bursa,BÜYÜKORHAN,73.26,11.34,9.56,0.42,1.22
Bursa,GEMLİK,46.94,32.93,12.49,4.33,1.42
Bursa,GÜRSU,66.08,13.94,13.05,4.25,1.17
Bursa,HARMANCIK,63.37,18.47,12.67,0.37,1.77
Bursa,İNEGÖL,70.37,12.98,8.63,4.52,1.85
Bursa,İZNİK,50.8,28.97,15.19,0.93,1.81
Bursa,KARACABEY,45.73,30.41,16.17,3.92,1.35
Bursa,KELES,66.84,15.12,12.36,0.29,1.64
Bursa,KESTEL,54.75,25.26,12.83,4.38,1.24
Bursa,MUDANYA,38.13,44.76,12.32,2.21,0.54
Bursa,MUSTAFAKEMALPAŞA,51.7,28.29,15.63,1.03,0.79
Bursa,NİLÜFER,39.08,42.06,13.17,3.53,0.56
Bursa,ORHANELİ,60.07,17.49,16.8,0.26,2.06
Bursa,ORHANGAZİ,50.7,30.22,13.83,2.05,1.23
Bursa,OSMANGAZİ,55.22,26.59,12.18,3.41,0.95
Bursa,YENİŞEHİR,50.11,25.52,16.81,4.21,1.27
Bursa,YILDIRIM,58.88,19.82,11.47,6.92,0.93
Çanakkale,AYVACIK,38.99,40.63,15.3,1.6,0.69
Çanakkale,BAYRAMİÇ,37.23,44.45,13.6,0.73,0.69
Çanakkale,BİGA,52.56,30.29,12.78,1.29,0.68
Çanakkale,BOZCAADA,24.42,53.47,13.77,6.37,0.75
Çanakkale,ÇAN,45.18,33.37,18.27,0.42,0.49
Çanakkale,ECEABAT,23.64,59.4,11.98,1.87,0.65
Çanakkale,EZİNE,36.4,44.01,14.23,1.28,1.01
Çanakkale,GELİBOLU,30.61,50.95,13.88,1.83,0.58
Çanakkale,GÖKÇEADA,36.87,29.94,17.59,12.06,0.75
Çanakkale,LAPSEKİ,48.65,30.71,16.34,1.05,0.62
Çanakkale,Merkez,29.67,46.08,18.0,3.87,0.51
Çanakkale,YENİCE,57.64,24.32,14.05,0.4,0.72
Çankırı,ATKARACALAR,75.52,4.46,16.37,0.13,1.43
Çankırı,BAYRAMÖREN,79.88,5.23,10.96,0.06,0.96
Çankırı,ÇERKEŞ,64.95,11.49,19.27,0.4,1.11
Çankırı,ELDİVAN,65.9,6.73,23.41,0.13,1.61
Çankırı,ILGAZ,70.45,5.16,20.69,0.12,1.11
Çankırı,KIZILIRMAK,72.66,4.09,20.58,0.27,0.59
Çankırı,KORGUN,77.39,3.71,16.12,0.14,0.78
Çankırı,KURŞUNLU,69.21,10.2,17.31,0.42,0.75
Çankırı,Merkez,65.56,5.04,26.09,0.63,0.98
Çankırı,ORTA,85.74,1.84,9.38,0.07,1.2
Çankırı,ŞABANÖZÜ,61.05,12.69,23.06,0.35,0.56
Çankırı,YAPRAKLI,84.56,1.49,10.28,0.23,0.89
Çorum,ALACA,63.3,18.84,14.31,1.14,0.63
Çorum,BAYAT,77.15,7.11,11.79,0.26,0.99
Çorum,BOĞAZKALE,75.69,7.69,11.73,0.93,1.13
Çorum,DODURGA,51.71,25.32,17.9,0.28,1.36
Çorum,İSKİLİP,73.22,7.41,15.04,0.27,0.97
Çorum,KARGI,67.57,15.97,12.08,0.22,0.78
Çorum,LAÇİN,59.82,20.06,15.29,0.58,0.98
Çorum,MECİTÖZÜ,53.27,35.85,7.24,1.58,0.39
Çorum,Merkez,57.02,27.53,10.7,2.29,0.9
Çorum,OĞUZLAR,66.04,20.94,9.33,0.12,0.73
Çorum,ORTAKÖY,51.91,26.51,15.79,3.01,0.66
Çorum,OSMANCIK,64.9,16.49,15.12,0.3,0.76
Çorum,SUNGURLU,65.87,13.96,17.16,0.66,0.6
Çorum,UĞURLUDAĞ,77.33,10.78,8.67,0.22,0.6
Denizli,ACIPAYAM,54.71,27.44,13.65,0.6,0.68
Denizli,BABADAĞ,55.81,27.68,12.8,0.21,0.73
Denizli,BAKLAN,47.15,32.05,16.42,0.36,1.02
Denizli,BEKİLLİ,34.23,50.79,10.6,0.6,1.38
Denizli,BEYAĞAÇ,51.71,30.01,14.26,0.35,0.67
Denizli,BOZKURT,39.04,43.86,12.73,0.78,0.71
Denizli,BULDAN,39.74,36.66,19.11,0.68,0.95
Denizli,ÇAL,37.47,42.63,15.38,0.44,1.24
Denizli,ÇAMELİ,66.8,19.66,8.1,0.33,1.06
Denizli,ÇARDAK,42.2,39.86,13.73,0.51,0.77
Denizli,ÇİVRİL,44.05,37.25,14.57,0.88,0.6
Denizli,DENİZLİ MERKEZ,0.0,0.0,0.0,0.0,0.0
Denizli,GÜNEY,41.58,44.32,9.66,0.42,0.81
Denizli,HONAZ,41.17,38.88,14.39,2.58,0.59
Denizli,KALE,62.4,19.53,13.12,0.89,0.95
Denizli,MERKEZEFENDİ,42.6,34.86,15.23,4.94,0.77
Denizli,PAMUKKALE,45.8,34.39,15.0,2.48,0.71
Denizli,SARAYKÖY,31.85,44.01,15.69,6.14,0.49
Denizli,SERİNHİSAR,49.88,29.29,17.49,0.35,1.07
Denizli,TAVAS,54.04,28.38,13.53,0.61,0.8
Diyarbakır,BAĞLAR,18.97,1.51,0.63,75.73,1.9
Diyarbakır,BİSMİL,14.14,0.75,0.3,83.85,0.25
Diyarbakır,ÇERMİK,57.8,2.4,0.47,36.28,0.65
Diyarbakır,ÇINAR,24.02,0.4,0.24,73.65,0.43
Diyarbakır,ÇÜNGÜŞ,56.66,7.41,1.32,29.45,0.99
Diyarbakır,DİCLE,18.22,0.75,0.27,59.89,18.62
Diyarbakır,EĞİL,26.0,1.24,0.7,58.77,10.41
Diyarbakır,ERGANİ,26.81,1.93,0.7,66.56,2.04
Diyarbakır,HANİ,35.93,0.8,0.56,56.37,4.99
Diyarbakır,HAZRO,9.32,0.92,1.61,86.65,0.55
Diyarbakır,KAYAPINAR,22.6,1.77,0.71,70.79,2.87
Diyarbakır,KOCAKÖY,5.12,0.59,0.34,93.5,0.13
Diyarbakır,KULP,23.5,0.83,0.89,70.86,2.41
Diyarbakır,LİCE,2.98,0.39,0.34,95.83,0.17
Diyarbakır,SİLVAN,10.5,0.54,0.28,87.89,0.22
Diyarbakır,SUR,19.61,0.82,0.22,75.72,2.62
Diyarbakır,YENİŞEHİR,22.57,2.92,1.23,69.41,2.52
Düzce,AKÇAKOCA,59.86,23.61,10.38,2.04,1.5
Düzce,CUMAYERİ,77.39,9.49,8.4,1.14,1.38
Düzce,ÇİLİMLİ,79.53,8.57,8.05,0.62,0.96
Düzce,GÖLYAKA,70.04,19.93,6.47,0.22,0.99
Düzce,GÜMÜŞOVA,72.31,13.57,10.65,0.78,0.61
Düzce,KAYNAŞLI,79.46,11.21,6.59,0.18,0.71
Düzce,Merkez,70.12,16.97,8.54,1.27,1.17
Düzce,YIĞILCA,78.97,10.58,5.26,0.24,0.98
Edirne,ENEZ,21.34,60.12,8.58,6.68,0.64
Edirne,HAVSA,24.88,58.16,11.0,1.74,1.42
Edirne,İPSALA,30.66,52.71,12.16,0.64,0.72
Edirne,KEŞAN,29.16,55.47,10.84,1.51,0.62
Edirne,LALAPAŞA,37.99,46.81,10.21,0.6,0.85
Edirne,MERİÇ,28.33,57.71,8.48,0.63,1.04
Edirne,Merkez,26.02,56.97,11.04,3.06,0.92
Edirne,SÜLOĞLU,33.71,51.62,10.45,0.71,0.99
Edirne,UZUNKÖPRÜ,24.47,61.49,9.77,0.82,0.61
Elazığ,AĞIN,54.22,20.21,19.77,1.53,1.64
Elazığ,ALACAKAYA,74.08,2.43,6.01,14.95,1.01
Elazığ,ARICAK,73.16,0.87,2.0,20.86,1.03
Elazığ,BASKİL,82.29,4.46,9.58,1.97,0.59
Elazığ,KARAKOÇAN,49.16,2.96,1.67,41.66,2.57
Elazığ,KEBAN,72.73,8.25,11.23,4.96,0.89
Elazığ,KOVANCILAR,79.91,1.43,2.93,13.09,1.25
Elazığ,MADEN,60.2,9.47,19.59,7.79,0.53
Elazığ,Merkez,65.14,6.81,15.87,9.52,1.09
Elazığ,PALU,87.51,0.82,3.51,4.89,1.98
Elazığ,SİVRİCE,73.56,6.35,13.06,4.22,0.94
Erzincan,ÇAYIRLI,54.98,33.38,5.55,3.8,0.78
Erzincan,İLİÇ,70.93,20.88,5.16,0.91,0.64
Erzincan,KEMAH,56.21,30.92,6.69,3.59,0.67
Erzincan,KEMALİYE,69.78,15.88,10.71,0.56,0.95
Erzincan,Merkez,56.2,28.03,10.12,3.45,0.73
Erzincan,OTLUKBELİ,69.41,12.94,13.96,0.78,0.71
Erzincan,REFAHİYE,62.58,25.05,9.4,0.86,0.6
Erzincan,TERCAN,49.49,31.31,13.45,3.94,0.42
Erzincan,ÜZÜMLÜ,52.1,29.26,14.8,1.57,0.66
Erzurum,AŞKALE,76.98,4.28,14.88,1.56,0.76
Erzurum,AZİZİYE,79.92,1.72,15.14,1.16,0.68
Erzurum,ÇAT,62.95,5.48,5.85,23.3,0.67
Erzurum,HINIS,35.64,7.78,2.15,51.61,0.66
Erzurum,HORASAN,80.67,1.09,9.25,6.96,0.74
Erzurum,İSPİR,81.3,3.72,11.84,0.16,0.75
Erzurum,KARAÇOBAN,15.64,0.81,1.26,80.09,0.67
Erzurum,KARAYAZI,10.33,0.44,0.65,86.75,0.69
Erzurum,KÖPRÜKÖY,73.79,0.68,7.33,16.28,0.49
Erzurum,NARMAN,75.36,3.41,17.36,0.32,1.06
Erzurum,OLTU,78.6,3.04,12.98,2.11,1.47
Erzurum,OLUR,66.61,5.0,23.0,0.55,1.12
Erzurum,PALANDÖKEN,69.04,2.53,19.81,6.4,0.85
Erzurum,PASİNLER,73.54,1.8,18.49,3.67,1.17
Erzurum,PAZARYOLU,85.96,1.86,8.7,0.18,1.09
Erzurum,ŞENKAYA,56.43,19.01,9.85,11.24,0.71
Erzurum,TEKMAN,17.0,1.23,1.1,77.69,0.81
Erzurum,TORTUM,84.91,1.4,11.35,0.13,0.6
Erzurum,UZUNDERE,79.98,2.4,14.18,0.09,1.09
Erzurum,YAKUTİYE,75.15,2.66,17.16,2.64,0.92
Eskişehir,ALPU,57.96,28.26,10.1,0.38,0.74
Eskişehir,BEYLİKOVA,51.15,34.46,10.71,0.73,0.76
Eskişehir,ÇİFTELER,48.11,28.71,16.93,2.9,0.92
Eskişehir,GÜNYÜZÜ,69.61,17.34,7.95,0.36,2.55
Eskişehir,HAN,41.18,42.36,12.01,0.14,1.11
Eskişehir,İNÖNÜ,56.44,29.94,9.4,0.85,0.75
Eskişehir,MAHMUDİYE,38.72,34.02,14.31,8.84,0.79
Eskişehir,MİHALGAZİ,62.14,22.59,9.36,0.25,2.92
Eskişehir,MİHALIÇÇIK,49.16,29.54,15.74,0.53,1.58
Eskişehir,ODUNPAZARI,41.1,41.2,12.57,2.45,0.77
Eskişehir,SARICAKAYA,66.15,18.8,10.51,0.92,1.11
Eskişehir,SEYİTGAZİ,47.89,39.38,8.99,0.71,0.61
Eskişehir,SİVRİHİSAR,49.72,28.63,14.26,2.65,2.05
Eskişehir,TEPEBAŞI,42.45,38.8,13.04,2.95,0.68
Gaziantep,ARABAN,63.85,14.21,6.91,12.42,0.73
Gaziantep,İSLAHİYE,64.18,13.77,9.4,10.33,0.78
Gaziantep,KARKAMIŞ,51.5,23.94,19.57,3.04,0.67
Gaziantep,NİZİP,64.81,14.41,9.57,8.81,0.99
Gaziantep,NURDAĞI,72.43,8.08,12.14,5.74,0.46
Gaziantep,OĞUZELİ,61.49,16.24,19.22,0.93,0.51
Gaziantep,ŞAHİNBEY,61.2,17.27,9.57,9.9,0.56
Gaziantep,ŞEHİTKAMİL,60.4,16.0,9.05,12.34,0.7
Gaziantep,YAVUZELİ,66.1,18.67,6.21,5.59,1.72
Giresun,ALUCRA,81.11,4.22,10.39,0.59,1.47
Giresun,BULANCAK,64.93,21.44,9.84,0.57,1.24
Giresun,ÇAMOLUK,84.31,5.61,5.58,0.3,1.96
Giresun,ÇANAKÇI,70.66,10.72,10.08,0.14,4.9
Giresun,DERELİ,75.96,10.65,9.42,0.28,0.93
Giresun,DOĞANKENT,71.55,9.08,15.12,0.31,1.04
Giresun,ESPİYE,63.85,18.76,13.36,0.45,0.75
Giresun,EYNESİL,61.41,22.65,11.71,0.37,1.07
Giresun,GÖRELE,60.27,22.08,13.69,0.66,0.72
Giresun,GÜCE,78.01,11.73,7.51,0.21,0.81
Giresun,KEŞAP,61.12,20.95,13.85,0.32,0.77
Giresun,Merkez,50.2,26.42,19.35,0.84,0.88
Giresun,PİRAZİZ,57.48,29.2,9.82,0.4,0.84
Giresun,ŞEBİNKARAHİSAR,70.37,9.9,16.3,0.29,0.76
Giresun,TİREBOLU,60.84,18.24,17.12,0.51,0.76
Giresun,YAĞLIDERE,77.97,6.9,11.96,0.24,0.61
Gümüşhane,KELKİT,75.91,2.96,17.99,0.55,0.98
Gümüşhane,KÖSE,77.47,0.57,19.91,0.14,0.71
Gümüşhane,KÜRTÜN,75.89,2.85,17.29,0.33,0.85
Gümüşhane,Merkez,62.98,5.33,27.31,1.22,1.08
Gümüşhane,ŞİRAN,63.92,8.39,22.79,0.55,2.03
Gümüşhane,TORUL,62.67,6.88,26.75,0.34,0.75
Hakkari,ÇUKURCA,8.85,2.65,5.83,81.78,0.4
Hakkari,Merkez,9.28,1.81,1.62,86.14,0.31
Hakkari,ŞEMDİNLİ,37.9,1.25,1.66,57.59,0.35
Hakkari,YÜKSEKOVA,4.23,0.65,0.77,93.66,0.23
Hatay,ALTINÖZÜ,77.54,12.31,7.75,0.96,0.29
Hatay,ANTAKYA,52.77,33.28,8.96,3.6,0.4
Hatay,ARSUZ,21.14,67.13,5.74,4.85,0.24
Hatay,BELEN,53.16,19.14,24.25,1.21,0.79
Hatay,DEFNE,4.5,77.94,1.0,15.56,0.29
Hatay,DÖRTYOL,42.55,18.32,27.41,9.37,0.73
Hatay,ERZİN,34.29,24.66,25.14,13.78,0.69
Hatay,HASSA,70.54,8.92,16.64,0.67,1.44
Hatay,HATAY MERKEZ,0.0,0.0,0.0,0.0,0.0
Hatay,İSKENDERUN,40.88,34.41,16.67,6.31,0.47
Hatay,KIRIKHAN,69.56,11.74,15.5,1.62,0.53
Hatay,KUMLU,59.85,23.55,13.85,0.34,1.18
Hatay,PAYAS,50.91,17.98,21.35,7.05,1.34
Hatay,REYHANLI,71.45,12.82,13.1,1.04,0.45
Hatay,SAMANDAĞ,6.02,71.67,1.79,19.34,0.46
Hatay,YAYLADAĞI,68.64,16.17,11.94,1.08,0.46
Iğdır,ARALIK,31.13,3.01,6.66,57.27,0.52
Iğdır,KARAKOYUNLU,27.82,1.11,22.78,46.2,0.8
Iğdır,Merkez,31.61,1.43,13.24,51.88,0.5
Iğdır,TUZLUCA,28.79,2.83,8.28,57.07,0.99
Isparta,AKSU,51.57,26.73,14.07,0.44,1.82
Isparta,ATABEY,54.87,22.04,18.31,1.42,1.04
Isparta,EĞİRDİR,53.5,20.2,20.99,0.69,1.37
Isparta,GELENDOST,42.55,32.17,19.9,0.19,1.21
Isparta,GÖNEN,43.63,35.81,16.09,1.58,0.69
Isparta,KEÇİBORLU,49.45,25.9,20.17,0.36,0.82
Isparta,Merkez,53.51,20.52,20.94,1.67,1.15
Isparta,SENİRKENT,48.53,20.25,27.79,0.36,0.57
Isparta,SÜTÇÜLER,74.44,9.21,10.28,0.33,1.37
Isparta,ŞARKİKARAAĞAÇ,53.59,18.63,22.77,0.29,1.2
Isparta,ULUBORLU,47.14,24.92,23.22,1.17,0.93
Isparta,YALVAÇ,55.1,21.88,18.29,0.36,0.96
Isparta,YENİŞARBADEMLİ,44.87,30.03,21.61,0.21,0.62
İstanbul,ADALAR,27.15,46.86,6.64,17.31,0.61
İstanbul,ATAŞEHİR,43.6,37.67,7.95,8.76,0.66
İstanbul,BEYKOZ,54.55,28.5,8.96,4.78,1.12
İstanbul,ÇEKMEKÖY,52.61,28.39,8.49,8.54,0.61
İstanbul,KADIKÖY,20.91,62.14,6.29,8.78,0.78
İstanbul,KARTAL,43.93,35.92,9.75,8.34,0.69
İstanbul,MALTEPE,39.54,42.34,9.05,7.2,0.45
İstanbul,PENDİK,56.87,24.04,10.19,6.49,1.0
İstanbul,SANCAKTEPE,50.4,25.72,5.93,15.79,0.67
İstanbul,SULTANBEYLİ,66.93,7.86,5.83,16.71,1.24
İstanbul,ŞİLE,50.17,29.27,12.19,4.53,1.22
İstanbul,TUZLA,51.31,27.17,10.35,9.01,0.84
İstanbul,ÜMRANİYE,55.49,25.19,9.27,7.91,0.8
İstanbul,ÜSKÜDAR,47.94,33.71,9.53,6.52,0.77
İstanbul,BAYRAMPAŞA,55.4,28.1,10.26,3.79,0.86
İstanbul,BEŞİKTAŞ,18.15,62.9,6.36,10.88,0.68
İstanbul,BEYOĞLU,50.92,25.42,6.89,14.36,1.05
İstanbul,ESENLER,65.4,13.97,7.63,10.54,0.98
İstanbul,EYÜP,49.34,32.53,8.56,7.16,1.0
İstanbul,FATİH,52.22,27.42,8.08,9.58,1.19
İstanbul,GAZİOSMANPAŞA,57.44,23.14,8.3,8.77,0.99
İstanbul,KAĞITHANE,54.92,25.14,9.62,7.81,1.08
İstanbul,SARIYER,41.55,40.38,8.63,7.35,0.59
İstanbul,SULTANGAZİ,60.58,18.88,5.24,13.1,0.99
İstanbul,ŞİŞLİ,29.25,48.74,6.91,13.31,0.4
İstanbul,ZEYTİNBURNU,51.29,22.63,10.18,13.7,0.78
İstanbul,ARNAVUTKÖY,63.36,12.26,8.07,13.31,1.02
İstanbul,AVCILAR,40.4,38.78,8.96,9.99,0.48
İstanbul,BAĞCILAR,59.59,16.23,8.11,13.77,0.94
İstanbul,BAHÇELİEVLER,50.44,26.9,9.3,11.28,0.78
İstanbul,BAKIRKÖY,23.93,56.11,8.61,9.59,0.56
İstanbul,BAŞAKŞEHİR,52.77,23.55,9.02,12.17,0.93
İstanbul,BEYLİKDÜZÜ,41.93,38.96,10.36,7.02,0.41
İstanbul,BÜYÜKÇEKMECE,44.76,38.18,9.16,6.07,0.42
İstanbul,ÇATALCA,39.69,44.73,10.36,2.73,0.51
İstanbul,ESENYURT,46.12,26.16,7.39,18.53,0.47
İstanbul,GÜNGÖREN,54.26,24.04,9.36,10.1,0.82
İstanbul,KÜÇÜKÇEKMECE,44.37,31.5,10.61,11.38,0.66
İstanbul,SİLİVRİ,39.89,41.18,9.73,7.02,0.43
İzmir,BALÇOVA,22.31,58.38,9.75,7.56,0.66
İzmir,BUCA,33.82,41.03,13.04,10.03,0.44
İzmir,ÇEŞME,23.06,57.51,10.52,6.86,0.76
İzmir,GAZİEMİR,31.65,42.63,15.25,8.5,0.56
İzmir,GÜZELBAHÇE,18.77,63.25,9.98,5.85,1.03
İzmir,KARABAĞLAR,34.94,41.34,11.37,10.17,0.47
İzmir,KARABURUN,26.58,58.09,7.47,5.07,1.16
İzmir,KONAK,27.03,50.86,8.53,11.45,0.65
İzmir,MENDERES,37.14,43.51,11.61,5.3,0.45
İzmir,NARLIDERE,14.82,64.02,7.17,12.14,0.84
İzmir,SEFERİHİSAR,29.05,50.47,11.3,7.11,0.65
İzmir,SELÇUK,25.81,48.7,14.78,8.68,0.49
İzmir,TORBALI,37.07,35.3,12.94,12.45,0.44
İzmir,URLA,21.16,61.1,9.1,6.03,1.09
İzmir,ALİAĞA,34.5,39.39,15.14,9.02,0.42
İzmir,BAYINDIR,39.54,40.5,10.21,7.49,0.48
İzmir,BAYRAKLI,34.08,42.49,10.93,10.26,0.51
İzmir,BERGAMA,38.21,43.26,12.85,2.75,0.57
İzmir,BEYDAĞ,33.72,49.76,11.14,0.29,0.97
İzmir,BORNOVA,31.86,45.97,11.97,8.1,0.44
İzmir,ÇİĞLİ,26.55,50.7,12.08,8.84,0.45
İzmir,DİKİLİ,21.05,60.27,10.08,6.2,0.94
İzmir,FOÇA,20.28,59.32,11.83,6.02,1.05
İzmir,KARŞIYAKA,16.72,66.52,8.34,6.49,0.93
İzmir,KEMALPAŞA,45.77,34.85,12.84,3.81,0.89
İzmir,KINIK,34.99,46.61,9.52,5.53,0.66
İzmir,KİRAZ,48.16,35.15,11.91,0.51,0.74
İzmir,MENEMEN,30.02,36.93,13.44,17.58,0.44
İzmir,ÖDEMİŞ,42.51,43.59,9.53,1.51,0.55
İzmir,TİRE,37.46,41.28,15.38,2.94,0.55
Kahramanmaraş,AFŞİN,63.09,10.19,21.92,2.59,0.87
Kahramanmaraş,ANDIRIN,59.46,19.41,17.85,0.24,0.77
Kahramanmaraş,ÇAĞLAYANCERİT,59.61,9.71,19.75,7.9,1.2
Kahramanmaraş,DULKADİROĞLU,81.94,5.98,7.24,2.7,0.86
Kahramanmaraş,EKİNÖZÜ,62.9,10.27,16.07,8.66,0.62
Kahramanmaraş,ELBİSTAN,58.64,13.39,19.66,5.95,0.96
Kahramanmaraş,GÖKSUN,66.62,10.12,19.07,1.02,0.89
Kahramanmaraş,KAHRAMANMARAŞ MERKEZ,0.0,0.0,0.0,0.0,0.0
Kahramanmaraş,NURHAK,32.18,43.74,11.74,9.78,0.95
Kahramanmaraş,ONİKİŞUBAT,79.9,6.1,11.15,0.56,0.91
Kahramanmaraş,PAZARCIK,48.85,20.81,8.64,19.4,0.65
Kahramanmaraş,TÜRKOĞLU,75.72,8.33,11.73,1.58,0.9
Karabük,EFLANİ,68.91,11.22,13.65,0.28,1.69
Karabük,ESKİPAZAR,68.43,7.91,18.42,0.18,2.22
Karabük,Merkez,61.7,13.74,20.64,0.74,1.14
Karabük,OVACIK,68.23,12.73,13.54,0.25,1.06
Karabük,SAFRANBOLU,55.7,19.38,20.27,0.77,1.19
Karabük,YENİCE,57.53,18.94,17.9,0.3,1.36
Karaman,AYRANCI,58.65,21.29,15.68,0.24,0.6
Karaman,BAŞYAYLA,74.52,5.29,15.25,0.13,1.01
Karaman,ERMENEK,51.16,22.53,21.52,0.41,0.75
Karaman,KAZIMKARABEKİR,66.46,8.98,21.78,0.65,0.72
Karaman,Merkez,67.49,13.46,15.24,0.96,1.09
Karaman,SARIVELİLER,53.85,23.74,16.95,0.46,1.15
Kars,AKYAKA,40.2,29.41,23.16,4.3,0.55
Kars,ARPAÇAY,40.6,24.34,21.68,10.56,0.65
Kars,DİGOR,10.12,1.52,0.82,85.97,0.7
Kars,KAĞIZMAN,33.77,4.2,6.82,52.95,0.56
Kars,Merkez,31.09,20.63,17.79,28.38,0.45
Kars,SARIKAMIŞ,56.59,8.07,9.14,23.71,0.57
Kars,SELİM,46.85,16.09,5.14,28.49,0.7
Kars,SUSUZ,29.08,23.7,7.14,37.89,0.44
Kastamonu,ABANA,60.72,26.72,9.13,0.31,0.65
Kastamonu,AĞLI,68.38,11.03,15.55,0.32,1.0
Kastamonu,ARAÇ,60.68,20.98,13.24,0.19,0.94
Kastamonu,AZDAVAY,50.32,28.46,15.5,0.4,1.25
Kastamonu,BOZKURT,69.36,10.46,14.81,0.16,1.1
Kastamonu,CİDE,63.09,21.61,9.92,0.55,1.16
Kastamonu,ÇATALZEYTİN,68.6,15.1,10.12,0.58,1.13
Kastamonu,DADAY,47.43,31.1,16.93,0.35,0.85
Kastamonu,DEVREKANİ,62.37,14.24,18.79,0.28,0.8
Kastamonu,DOĞANYURT,68.78,8.57,13.99,0.61,2.05
Kastamonu,HANÖNÜ,45.27,33.1,16.9,0.23,1.31
Kastamonu,İHSANGAZİ,67.0,9.59,18.02,0.39,1.07
Kastamonu,İNEBOLU,65.77,14.5,12.78,0.54,2.38
Kastamonu,KÜRE,63.37,16.92,15.0,0.43,0.96
Kastamonu,Merkez,54.18,19.07,23.48,0.5,0.75
Kastamonu,PINARBAŞI,61.23,20.0,11.27,0.27,1.5
Kastamonu,SEYDİLER,60.41,16.73,18.81,0.23,0.89
Kastamonu,ŞENPAZAR,64.48,15.58,13.23,0.39,1.14
Kastamonu,TAŞKÖPRÜ,59.45,15.42,21.95,0.14,0.53
Kastamonu,TOSYA,70.31,6.66,19.59,0.2,0.8
Kayseri,AKKIŞLA,50.58,21.6,23.35,0.39,0.86
Kayseri,BÜNYAN,62.55,9.53,24.77,0.26,0.85
Kayseri,DEVELİ,71.54,8.01,17.27,0.42,0.88
Kayseri,FELAHİYE,52.53,20.78,23.34,0.35,0.7
Kayseri,HACILAR,81.44,4.92,11.6,0.24,0.51
Kayseri,İNCESU,64.25,9.67,20.1,2.95,0.88
Kayseri,KOCASİNAN,65.76,12.8,17.36,1.51,0.98
Kayseri,MELİKGAZİ,66.99,11.6,17.75,1.23,0.93
Kayseri,ÖZVATAN,55.74,11.84,29.33,0.12,0.67
Kayseri,PINARBAŞI,49.03,19.07,27.0,2.0,0.75
Kayseri,SARIOĞLAN,59.83,18.52,17.84,0.5,0.97
Kayseri,SARIZ,42.38,19.01,25.53,10.17,0.85
Kayseri,TALAS,58.4,15.28,22.58,1.29,0.89
Kayseri,TOMARZA,67.19,11.69,17.87,0.38,1.07
Kayseri,YAHYALI,80.59,4.42,12.17,0.28,0.87
Kayseri,YEŞİLHİSAR,62.02,18.21,16.68,0.45,0.6
Kırıkkale,BAHŞİLİ,71.84,10.74,14.5,0.45,0.74
Kırıkkale,BALIŞEYH,60.75,19.42,14.06,2.78,0.99
Kırıkkale,ÇELEBİ,68.54,9.72,17.65,0.73,1.32
Kırıkkale,DELİCE,63.81,21.33,11.49,1.17,0.58
Kırıkkale,KARAKEÇİLİ,75.08,4.82,17.01,0.09,1.09
Kırıkkale,KESKİN,69.23,11.38,16.23,0.21,0.72
Kırıkkale,Merkez,61.67,12.87,22.4,0.58,0.82
Kırıkkale,SULAKYURT,52.1,32.06,12.85,0.76,0.43
Kırıkkale,YAHŞİHAN,59.47,14.11,22.8,1.21,0.85
Kırklareli,BABAESKİ,20.59,64.95,10.5,1.52,0.72
Kırklareli,DEMİRKÖY,41.89,38.2,13.47,2.5,0.7
Kırklareli,KOFÇAZ,33.03,50.95,11.66,0.92,1.18
Kırklareli,LÜLEBURGAZ,26.26,58.45,11.21,2.05,0.49
Kırklareli,Merkez,33.2,49.68,12.55,2.12,0.5
Kırklareli,PEHLİVANKÖY,22.18,60.65,13.33,0.66,0.8
Kırklareli,PINARHİSAR,29.76,51.49,14.34,1.38,0.57
Kırklareli,VİZE,25.09,51.88,19.37,0.57,0.69
Kırşehir,AKÇAKENT,73.11,7.21,16.31,0.35,0.9
Kırşehir,AKPINAR,56.3,22.41,16.85,1.06,0.64
Kırşehir,BOZTEPE,38.66,24.83,12.98,21.5,0.37
Kırşehir,ÇİÇEKDAĞI,62.4,8.86,22.07,3.78,0.71
Kırşehir,KAMAN,51.63,20.24,24.59,1.14,0.58
Kırşehir,Merkez,48.06,17.64,26.06,5.79,0.77
Kırşehir,MUCUR,53.91,20.65,21.79,1.26,0.64
Kilis,ELBEYLİ,61.88,17.2,18.43,0.68,0.42
Kilis,Merkez,64.49,12.17,19.35,1.7,0.54
Kilis,MUSABEYLİ,74.92,10.49,10.57,1.08,0.69
Kilis,POLATELİ,68.16,10.48,18.25,0.87,0.8
Kocaeli,BAŞİSKELE,67.7,15.5,10.65,2.1,2.54
Kocaeli,ÇAYIROVA,59.27,20.8,9.5,7.59,1.4
Kocaeli,DARICA,56.85,19.48,11.37,9.71,0.96
Kocaeli,DERİNCE,51.97,26.19,13.62,5.16,1.37
Kocaeli,DİLOVASI,55.65,6.66,7.13,27.8,1.16
Kocaeli,GEBZE,59.74,20.55,10.95,5.36,1.64
Kocaeli,GÖLCÜK,54.65,27.17,12.67,2.33,1.71
Kocaeli,İZMİT,50.93,31.47,10.89,3.3,1.72
Kocaeli,KANDIRA,62.38,22.79,9.26,1.34,1.4
Kocaeli,KARAMÜRSEL,56.72,24.87,11.97,1.96,2.75
Kocaeli,KARTEPE,63.12,20.96,9.81,3.13,1.49
Kocaeli,KÖRFEZ,52.65,21.99,13.07,8.6,1.91
Konya,AHIRLI,74.99,9.1,12.42,0.17,1.07
Konya,AKÖREN,78.4,6.53,13.11,0.05,0.57
Konya,AKŞEHİR,60.93,18.83,17.27,0.71,0.51
Konya,ALTINEKİN,88.98,4.41,4.79,0.12,0.65
Konya,BEYŞEHİR,71.29,8.41,17.08,0.22,1.17
Konya,BOZKIR,74.6,8.65,13.31,0.32,0.92
Konya,CİHANBEYLİ,57.66,7.77,4.83,28.14,0.38
Konya,ÇELTİK,74.51,9.83,13.28,0.71,0.46
Konya,ÇUMRA,79.81,4.24,13.57,0.32,0.85
Konya,DERBENT,66.4,19.91,10.79,0.26,0.99
Konya,DEREBUCAK,68.51,7.42,20.32,0.2,0.69
Konya,DOĞANHİSAR,64.31,16.48,14.11,0.2,1.35
Konya,EMİRGAZİ,70.96,16.05,10.63,0.06,0.74
Konya,EREĞLİ,55.08,22.38,18.16,2.46,0.45
Konya,GÜNEYSINIR,89.1,2.44,6.71,0.06,0.79
Konya,HADİM,78.49,7.68,10.87,0.23,0.82
Konya,HALKAPINAR,73.09,9.68,15.04,0.18,0.53
Konya,HÜYÜK,64.31,15.93,17.09,0.09,0.87
Konya,ILGIN,67.21,12.35,17.04,0.39,0.85
Konya,KADINHANI,83.02,6.52,7.76,0.37,1.19
Konya,KARAPINAR,72.39,14.82,10.4,0.25,0.71
Konya,KARATAY,85.66,3.42,6.12,2.77,1.04
Konya,KULU,66.3,4.78,5.88,20.44,0.86
Konya,MERAM,81.37,6.43,8.67,1.19,0.99
Konya,SARAYÖNÜ,82.01,6.07,8.01,0.58,2.15
Konya,SELÇUKLU,75.08,7.91,12.01,2.82,0.9
Konya,SEYDİŞEHİR,60.03,19.8,16.23,0.35,1.38
Konya,TAŞKENT,80.55,4.51,11.48,0.09,2.08
Konya,TUZLUKÇU,56.02,24.97,16.1,0.35,0.61
Konya,YALIHÜYÜK,75.63,6.61,14.58,0.27,0.91
Konya,YUNAK,78.15,6.7,10.65,2.59,0.48
Kütahya,ALTINTAŞ,68.4,12.16,14.92,0.27,1.55
Kütahya,ASLANAPA,81.41,3.74,11.67,0.19,1.06
Kütahya,ÇAVDARHİSAR,67.11,13.53,13.59,0.32,1.52
Kütahya,DOMANİÇ,64.2,13.77,16.25,0.36,2.25
Kütahya,DUMLUPINAR,64.87,16.06,15.41,0.2,0.84
Kütahya,EMET,69.99,9.23,15.71,0.39,2.13
Kütahya,GEDİZ,64.29,11.29,20.6,0.18,0.89
Kütahya,HİSARCIK,68.34,9.0,18.22,0.32,1.01
Kütahya,Merkez,67.77,13.21,15.17,0.69,1.21
Kütahya,PAZARLAR,68.06,10.08,16.77,0.26,1.57
Kütahya,SİMAV,65.37,13.38,16.96,0.26,0.79
Kütahya,ŞAPHANE,63.41,15.23,15.38,0.54,1.29
Kütahya,TAVŞANLI,69.02,11.87,14.64,0.4,1.79
Malatya,AKÇADAĞ,54.73,20.35,7.62,15.74,0.43
Malatya,ARAPGİR,53.01,29.77,10.68,4.13,0.6
Malatya,ARGUVAN,19.2,57.27,1.88,19.83,0.45
Malatya,BATTALGAZİ,74.72,10.81,8.11,4.48,0.61
Malatya,DARENDE,78.01,7.42,9.76,2.3,0.81
Malatya,DOĞANŞEHİR,52.5,22.38,12.05,10.06,0.81
Malatya,DOĞANYOL,81.31,8.11,5.61,1.7,1.32
Malatya,HEKİMHAN,38.33,41.43,15.01,3.01,0.43
Malatya,KALE,92.05,4.12,2.36,0.76,0.21
Malatya,KULUNCAK,62.45,23.5,8.62,2.49,0.6
Malatya,MALATYA MERKEZ,0.0,0.0,0.0,0.0,0.0
Malatya,PÜTÜRGE,84.67,7.98,2.68,2.55,0.73
Malatya,YAZIHAN,62.75,18.85,3.34,12.41,0.62
Malatya,YEŞİLYURT,66.2,15.56,10.74,5.21,0.89
Manisa,AHMETLİ,47.4,26.42,19.24,4.2,0.55
Manisa,AKHİSAR,41.08,36.86,16.38,2.41,0.61
Manisa,ALAŞEHİR,39.35,32.61,20.04,4.3,0.59
Manisa,DEMİRCİ,63.56,13.51,18.1,0.38,1.47
Manisa,GÖLMARMARA,34.92,31.49,13.71,17.53,0.42
Manisa,GÖRDES,57.16,17.25,20.86,0.43,0.81
Manisa,KIRKAĞAÇ,61.6,21.07,12.64,0.64,1.35
Manisa,KÖPRÜBAŞI,50.66,21.97,22.91,0.77,0.69
Manisa,KULA,51.26,24.84,19.66,0.73,0.53
Manisa,MANİSA MERKEZ,0.0,0.0,0.0,0.0,0.0
Manisa,SALİHLİ,33.13,38.26,20.32,5.82,0.43
Manisa,SARIGÖL,32.29,39.55,21.78,2.69,0.74
Manisa,SARUHANLI,39.27,35.28,16.25,6.54,0.48
Manisa,SELENDİ,57.7,19.19,18.91,0.43,0.79
Manisa,SOMA,49.65,28.97,15.94,1.96,1.04
Manisa,ŞEHZADELER,44.51,28.36,17.47,7.41,0.61
Manisa,TURGUTLU,43.08,25.72,18.33,10.3,0.6
Manisa,YUNUSEMRE,45.56,26.26,17.24,8.62,0.6
Mardin,ARTUKLU,51.93,2.57,1.56,42.66,0.36
Mardin,DARGEÇİT,19.03,0.73,0.89,77.68,0.54
Mardin,DERİK,12.25,0.65,0.28,86.33,0.17
Mardin,KIZILTEPE,15.7,0.86,0.4,82.47,0.18
Mardin,MARDİN MERKEZ,0.0,0.0,0.0,0.0,0.0
Mardin,MAZIDAĞI,14.51,1.71,0.4,82.41,0.29
Mardin,MİDYAT,54.95,1.9,1.28,40.13,0.47
Mardin,NUSAYBİN,8.61,0.63,0.55,89.38,0.2
Mardin,ÖMERLİ,47.77,2.28,0.91,47.07,0.53
Mardin,SAVUR,38.34,1.53,0.64,58.26,0.34
Mardin,YEŞİLLİ,69.18,0.61,0.71,28.27,0.47
Mersin,AKDENİZ,27.28,27.75,10.52,32.51,0.38
Mersin,ANAMUR,36.0,29.31,30.75,0.98,0.51
Mersin,AYDINCIK,44.4,23.74,28.15,0.47,0.68
Mersin,BOZYAZI,42.86,18.39,35.1,0.58,0.55
Mersin,ÇAMLIYAYLA,39.06,17.15,39.65,0.3,0.7
Mersin,ERDEMLİ,48.47,18.79,27.07,3.05,0.69
Mersin,GÜLNAR,38.23,21.78,36.39,0.28,0.6
Mersin,MEZİTLİ,25.49,43.3,17.8,11.62,0.45
Mersin,MUT,43.08,27.45,25.55,0.48,0.88
Mersin,SİLİFKE,31.54,34.87,29.52,1.4,0.46
Mersin,TARSUS,26.98,28.97,26.8,15.24,0.39
Mersin,TOROSLAR,34.37,22.67,19.6,21.13,0.57
Mersin,YENİŞEHİR,22.61,43.84,14.4,17.6,0.35
Muğla,BODRUM,18.54,58.55,12.79,8.17,0.69
Muğla,DALAMAN,37.3,38.81,19.02,2.54,0.46
Muğla,DATÇA,18.4,56.48,14.74,7.4,1.05
Muğla,FETHİYE,36.34,42.21,16.45,2.35,0.52
Muğla,KAVAKLIDERE,50.68,27.27,17.88,0.3,0.63
Muğla,KÖYCEĞİZ,39.15,44.47,11.3,1.93,0.55
Muğla,MARMARİS,23.96,55.08,13.38,5.52,0.71
Muğla,MENTEŞE,27.14,50.54,15.66,3.71,0.67
Muğla,MİLAS,25.66,50.95,16.2,4.34,0.68
Muğla,MUĞLA MERKEZ,0.0,0.0,0.0,0.0,0.0
Muğla,ORTACA,31.3,46.62,16.64,2.89,0.54
Muğla,SEYDİKEMER,53.19,29.03,13.13,0.66,0.73
Muğla,ULA,32.77,49.21,12.11,2.65,0.63
Muğla,YATAĞAN,32.44,46.56,15.85,1.41,1.06
Muş,BULANIK,8.8,1.06,1.92,86.91,0.4
Muş,HASKÖY,76.82,1.78,0.65,19.55,0.67
Muş,KORKUT,25.09,0.54,0.41,72.64,0.38
Muş,MALAZGİRT,10.09,0.69,0.5,87.49,0.4
Muş,Merkez,52.17,1.12,1.6,42.77,0.84
Muş,VARTO,3.24,4.11,0.6,91.04,0.29
Nevşehir,ACIGÖL,86.65,3.93,6.71,0.12,0.9
Nevşehir,AVANOS,48.66,27.07,19.96,1.44,0.59
Nevşehir,DERİNKUYU,64.67,19.54,12.67,0.27,1.03
Nevşehir,GÜLŞEHİR,61.68,13.33,22.13,0.15,0.6
Nevşehir,HACIBEKTAŞ,29.17,52.84,12.01,3.3,0.55
Nevşehir,KOZAKLI,49.6,21.45,24.88,0.86,0.75
Nevşehir,Merkez,69.13,7.62,19.48,0.92,1.03
Nevşehir,ÜRGÜP,58.21,19.45,18.92,0.86,0.68
Niğde,ALTUNHİSAR,72.61,13.31,10.14,0.27,0.77
Niğde,BOR,57.0,19.98,20.08,0.47,0.63
Niğde,ÇAMARDI,67.69,11.7,16.5,0.19,0.73
Niğde,ÇİFTLİK,54.85,20.58,21.02,0.13,0.74
Niğde,Merkez,56.87,20.41,18.98,0.91,0.94
Niğde,ULUKIŞLA,47.45,30.37,17.53,0.89,0.84
Ordu,AKKUŞ,73.55,15.69,6.17,0.47,0.75
Ordu,ALTINORDU,52.05,33.51,12.04,0.51,0.52
Ordu,AYBASTI,71.99,17.48,7.14,0.48,0.81
Ordu,ÇAMAŞ,68.42,19.15,9.53,0.19,0.88
Ordu,ÇATALPINAR,86.52,6.66,4.85,0.11,0.6
Ordu,ÇAYBAŞI,79.83,6.6,10.9,0.14,0.61
Ordu,FATSA,62.3,26.79,8.22,0.55,0.65
Ordu,GÖLKÖY,57.01,25.32,14.56,0.42,0.62
Ordu,GÜLYALI,52.24,35.51,9.63,0.29,0.52
Ordu,GÜRGENTEPE,49.48,42.34,5.65,0.46,0.44
Ordu,İKİZCE,66.61,17.36,12.39,0.3,1.05
Ordu,KABADÜZ,71.49,16.24,10.31,0.21,0.5
Ordu,KABATAŞ,68.15,12.83,14.51,0.55,0.96
Ordu,KORGAN,82.41,9.08,5.18,0.23,1.14
Ordu,KUMRU,84.02,7.96,5.48,0.22,0.55
Ordu,MESUDİYE,68.01,23.86,5.57,0.24,0.67
Ordu,ORDU MERKEZ,0.0,0.0,0.0,0.0,0.0
Ordu,PERŞEMBE,49.35,35.9,11.89,0.42,0.48
Ordu,ULUBEY,62.95,26.71,7.58,0.24,0.57
Ordu,ÜNYE,71.09,17.9,7.85,0.42,1.27
Osmaniye,BAHÇE,58.48,7.65,31.0,0.44,0.45
Osmaniye,DÜZİÇİ,42.32,21.63,33.12,0.44,0.43
Osmaniye,HASANBEYLİ,44.1,12.84,39.24,0.64,0.71
Osmaniye,KADİRLİ,48.54,15.42,32.73,0.61,0.8
Osmaniye,Merkez,46.6,10.55,35.01,4.56,1.15
Osmaniye,SUMBAS,38.69,16.28,41.51,0.31,0.54
Osmaniye,TOPRAKKALE,39.36,11.46,41.31,6.26,0.45
Rize,ARDEŞEN,68.92,20.34,6.2,0.55,1.72
Rize,ÇAMLIHEMŞİN,73.41,17.86,4.82,0.63,1.14
Rize,ÇAYELİ,82.13,8.5,6.4,0.27,1.23
Rize,DEREPAZARI,82.25,9.73,3.9,0.12,2.41
Rize,FINDIKLI,49.47,40.14,5.08,2.44,0.63
Rize,GÜNEYSU,89.38,4.83,3.38,0.11,0.85
Rize,HEMŞİN,63.95,27.69,3.95,0.47,1.0
Rize,İKİZDERE,86.74,7.01,3.66,0.05,0.75
Rize,İYİDERE,84.46,8.86,3.52,0.13,1.55
Rize,KALKANDERE,81.53,9.2,5.32,0.62,1.48
Rize,Merkez,78.26,12.67,5.05,0.49,1.91
Rize,PAZAR,65.43,23.56,6.94,0.93,0.71
Sakarya,ADAPAZARI,63.39,18.42,13.19,2.18,1.22
Sakarya,AKYAZI,78.1,8.98,9.34,0.32,1.48
Sakarya,ARİFİYE,71.2,10.86,10.3,4.7,1.27
Sakarya,ERENLER,73.67,11.14,10.63,1.71,1.36
Sakarya,FERİZLİ,69.32,14.35,12.63,0.62,0.94
Sakarya,GEYVE,66.05,14.81,13.75,1.07,1.78
Sakarya,HENDEK,68.59,14.06,13.52,1.25,0.82
Sakarya,KARAPÜRÇEK,75.62,11.25,7.5,0.85,2.9
Sakarya,KARASU,68.31,16.72,10.43,1.42,1.21
Sakarya,KAYNARCA,75.81,10.7,9.67,0.29,1.32
Sakarya,KOCAALİ,71.05,13.31,10.65,0.55,2.36
Sakarya,PAMUKOVA,66.82,16.03,12.56,0.49,1.75
Sakarya,SAPANCA,60.81,20.62,11.99,2.82,1.79
Sakarya,SERDİVAN,61.79,17.86,14.97,2.23,1.18
Sakarya,SÖĞÜTLÜ,65.33,21.23,10.64,0.29,0.57
Sakarya,TARAKLI,70.36,11.56,13.35,0.24,2.21
Samsun,19-May,75.08,12.79,9.33,0.17,0.92
Samsun,ALAÇAM,54.0,28.23,13.58,0.69,0.64
Samsun,ASARCIK,81.39,6.0,9.69,0.27,0.62
Samsun,ATAKUM,47.52,32.1,16.46,1.61,0.75
Samsun,AYVACIK,81.8,6.17,9.05,0.16,0.63
Samsun,BAFRA,61.88,19.69,15.53,0.48,0.65
Samsun,CANİK,73.83,13.52,9.79,0.33,0.92
Samsun,ÇARŞAMBA,73.48,13.57,9.67,0.24,1.06
Samsun,HAVZA,64.54,20.16,12.02,0.51,0.8
Samsun,İLKADIM,57.25,25.85,13.52,0.87,1.01
Samsun,KAVAK,67.85,13.43,14.9,0.37,0.93
Samsun,LADİK,63.31,17.66,15.32,0.29,1.09
Samsun,ONDOKUZMAYIS,0.0,0.0,0.0,0.0,0.0
Samsun,SALIPAZARI,76.1,12.45,8.0,0.3,0.71
Samsun,TEKKEKÖY,64.87,25.11,7.37,0.23,0.94
Samsun,TERME,72.04,14.52,9.57,0.26,1.64
Samsun,VEZİRKÖPRÜ,75.12,10.05,11.04,0.3,0.83
Samsun,YAKAKENT,56.71,25.33,11.63,1.28,1.62
Siirt,BAYKAN,39.4,1.68,2.14,54.49,0.55
Siirt,ERUH,19.15,1.74,2.13,74.8,0.62
Siirt,KURTALAN,23.18,1.02,0.53,73.72,0.43
Siirt,Merkez,37.73,1.8,1.7,56.96,0.58
Siirt,PERVARİ,46.53,2.5,1.31,47.32,0.56
Siirt,ŞİRVAN,59.69,1.17,1.61,35.39,0.6
Siirt,TİLLO,72.89,0.92,1.23,22.61,1.02
Sinop,AYANCIK,56.61,32.25,6.56,0.61,0.82
Sinop,BOYABAT,67.14,17.24,10.68,0.57,0.97
Sinop,DİKMEN,70.97,16.12,4.42,0.58,1.88
Sinop,DURAĞAN,78.75,7.9,8.06,0.39,1.23
Sinop,ERFELEK,51.55,34.96,5.91,0.65,1.5
Sinop,GERZE,53.44,31.04,8.91,1.19,1.07
Sinop,Merkez,37.02,48.47,9.72,1.24,0.77
Sinop,SARAYDÜZÜ,73.17,12.16,9.95,0.38,1.04
Sinop,TÜRKELİ,75.63,14.24,5.79,0.38,0.92
Sivas,AKINCILAR,72.69,15.36,8.61,0.46,1.15
Sivas,ALTINYAYLA,83.65,5.44,6.78,0.08,2.57
Sivas,DİVRİĞİ,24.23,63.91,4.76,4.63,0.7
Sivas,DOĞANŞAR,84.6,2.44,10.42,0.0,1.22
Sivas,GEMEREK,50.76,25.93,17.84,0.36,2.67
Sivas,GÖLOVA,77.23,9.61,8.77,0.69,1.06
Sivas,GÜRÜN,61.14,16.74,17.08,0.91,1.84
Sivas,HAFİK,55.61,32.59,8.19,0.61,1.07
Sivas,İMRANLI,32.31,52.99,6.38,6.03,0.93
Sivas,KANGAL,52.69,23.61,18.01,2.26,1.55
Sivas,KOYULHİSAR,70.33,14.53,9.88,0.64,1.47
Sivas,Merkez,73.97,9.07,12.28,0.62,2.29
Sivas,SUŞEHRİ,78.09,6.66,10.95,0.25,1.82
Sivas,ŞARKIŞLA,67.78,15.24,11.14,0.48,3.74
Sivas,ULAŞ,65.84,17.56,12.95,0.78,1.5
Sivas,YILDIZELİ,75.42,14.25,6.7,0.38,1.89
Sivas,ZARA,54.93,28.32,11.85,2.74,0.68
Şanlıurfa,AKÇAKALE,89.54,1.74,4.8,3.07,0.29
Şanlıurfa,BİRECİK,53.38,6.09,3.21,35.49,0.46
Şanlıurfa,BOZOVA,57.29,1.45,1.42,38.08,0.4
Şanlıurfa,CEYLANPINAR,49.63,2.25,2.05,44.48,0.38
Şanlıurfa,EYYÜBİYE,77.49,1.53,1.82,17.52,0.42
Şanlıurfa,HALFETİ,32.07,5.44,1.97,58.42,0.54
Şanlıurfa,HALİLİYE,74.55,4.22,2.15,17.43,0.53
Şanlıurfa,HARRAN,83.58,0.53,14.79,0.5,0.14
Şanlıurfa,HİLVAN,54.5,3.81,4.27,35.6,0.39
Şanlıurfa,KARAKÖPRÜ,69.93,4.46,4.24,19.83,0.64
Şanlıurfa,SİVEREK,57.84,2.46,2.21,35.73,0.4
Şanlıurfa,SURUÇ,28.38,0.84,0.51,68.81,0.51
Şanlıurfa,ŞANLIURFA MERKEZ,0.0,0.0,0.0,0.0,0.0
Şanlıurfa,VİRANŞEHİR,46.61,0.91,0.73,50.44,0.39
Şırnak,BEYTÜŞŞEBAP,12.21,2.44,1.93,81.76,0.45
Şırnak,CİZRE,4.93,0.56,0.54,93.24,0.27
Şırnak,GÜÇLÜKONAK,12.02,1.78,2.05,82.38,0.52
Şırnak,İDİL,14.78,0.85,0.81,82.7,0.29
Şırnak,Merkez,22.44,1.74,2.55,71.53,0.39
Şırnak,SİLOPİ,8.84,0.81,1.0,88.05,0.43
Şırnak,ULUDERE,7.35,1.71,1.64,88.5,0.2
Tekirdağ,ÇERKEZKÖY,48.25,31.53,9.48,8.24,0.68
Tekirdağ,ÇORLU,33.6,49.4,9.85,4.85,0.53
Tekirdağ,ERGENE,34.51,47.94,9.08,5.94,0.48
Tekirdağ,HAYRABOLU,30.15,55.53,10.87,0.38,0.68
Tekirdağ,KAPAKLI,49.37,33.67,9.65,5.02,0.52
Tekirdağ,MALKARA,35.54,48.22,11.63,0.85,0.81
Tekirdağ,MARMARAEREĞLİSİ,33.07,44.76,9.32,10.6,0.5
Tekirdağ,MURATLI,26.65,58.5,9.93,2.03,0.53
Tekirdağ,SARAY,29.08,54.52,11.69,1.81,0.55
Tekirdağ,SÜLEYMANPAŞA,36.89,46.44,11.39,2.77,0.46
Tekirdağ,ŞARKÖY,29.62,55.43,9.09,2.58,0.75
Tekirdağ,TEKİRDAĞ MERKEZ,0.0,0.0,0.0,0.0,0.0
Tokat,ALMUS,48.31,38.66,9.3,1.4,0.64
Tokat,ARTOVA,64.57,21.31,11.12,0.42,1.09
Tokat,BAŞÇİFTLİK,70.92,14.32,12.23,0.1,0.46
Tokat,ERBAA,62.11,14.48,19.7,0.29,1.29
Tokat,Merkez,63.99,18.55,14.23,0.81,0.91
Tokat,NİKSAR,56.25,26.37,13.83,0.67,0.78
Tokat,PAZAR,72.63,10.62,14.09,0.12,0.97
Tokat,REŞADİYE,60.86,19.43,16.46,0.39,0.93
Tokat,SULUSARAY,78.26,8.44,10.0,0.39,1.43
Tokat,TURHAL,55.25,26.76,14.41,0.93,1.05
Tokat,YEŞİLYURT,69.66,11.0,15.98,0.49,1.18
Tokat,ZİLE,45.97,36.98,13.91,1.13,0.58
Trabzon,AKÇAABAT,68.4,14.82,12.38,0.3,1.14
Trabzon,ARAKLI,82.95,5.86,7.2,0.38,2.06
Trabzon,ARSİN,81.17,7.11,8.57,0.14,1.5
Trabzon,BEŞİKDÜZÜ,37.79,25.65,33.36,0.33,0.7
Trabzon,ÇARŞIBAŞI,65.51,11.47,19.85,0.14,0.96
Trabzon,ÇAYKARA,78.41,9.95,7.4,0.35,1.52
Trabzon,DERNEKPAZARI,83.15,6.72,5.2,0.12,3.4
Trabzon,DÜZKÖY,65.29,22.92,8.15,0.36,0.98
Trabzon,HAYRAT,86.97,5.96,4.86,0.13,1.29
Trabzon,KÖPRÜBAŞI,84.4,4.88,5.99,0.03,2.64
Trabzon,MAÇKA,69.02,20.15,8.0,0.33,0.89
Trabzon,OF,80.9,7.28,6.85,0.43,3.11
Trabzon,ORTAHİSAR,60.26,20.85,15.22,0.79,1.21
Trabzon,SÜRMENE,75.76,11.27,7.79,0.29,2.86
Trabzon,ŞALPAZARI,66.6,12.73,17.33,0.18,1.36
Trabzon,TONYA,57.68,27.57,9.73,0.98,1.82
Trabzon,TRABZON MERKEZ,0.0,0.0,0.0,0.0,0.0
Trabzon,VAKFIKEBİR,65.84,15.39,15.22,0.26,1.26
Trabzon,YOMRA,72.9,12.42,11.84,0.31,0.93
Tunceli,ÇEMİŞGEZEK,50.84,21.55,5.6,19.1,1.01
Tunceli,HOZAT,5.31,38.43,2.34,52.39,0.45
Tunceli,MAZGİRT,6.66,21.42,0.73,69.26,0.76
Tunceli,Merkez,6.28,26.02,2.81,63.61,0.36
Tunceli,NAZIMİYE,1.96,30.18,1.32,64.72,0.49
Tunceli,OVACIK,2.58,34.56,0.89,60.61,0.36
Tunceli,PERTEK,18.55,27.31,3.17,49.11,0.44
Tunceli,PÜLÜMÜR,2.47,56.37,0.86,39.02,0.48
Uşak,BANAZ,44.81,30.42,20.31,0.55,0.65
Uşak,EŞME,38.77,38.85,18.09,1.36,0.61
Uşak,KARAHALLI,48.39,33.86,13.05,1.0,1.17
Uşak,Merkez,48.97,27.54,18.36,2.22,0.83
Uşak,SİVASLI,42.67,37.73,15.23,0.93,0.69
Uşak,ULUBEY,37.8,40.12,18.22,0.48,0.86
Van,BAHÇESARAY,43.04,1.5,0.97,50.7,1.11
Van,BAŞKALE,2.82,0.6,0.57,95.66,0.13
Van,ÇALDIRAN,14.94,1.34,0.87,81.12,0.53
Van,ÇATAK,20.94,1.16,0.45,74.99,0.69
Van,EDREMİT,33.41,1.93,1.93,61.09,0.51
Van,ERCİŞ,36.22,1.37,1.84,58.22,0.67
Van,GEVAŞ,43.92,1.54,1.37,50.42,1.24
Van,GÜRPINAR,26.7,0.93,0.52,70.08,0.45
Van,İPEKYOLU,35.85,1.83,0.98,59.63,0.47
Van,MURADİYE,25.87,1.32,0.76,70.0,0.51
Van,ÖZALP,8.83,0.84,0.76,87.55,0.73
Van,SARAY,11.84,0.47,0.63,85.65,0.55
Van,TUŞBA,36.22,1.42,0.97,59.62,0.5
Van,VAN MERKEZ,0.0,0.0,0.0,0.0,0.0
Yalova,ALTINOVA,53.62,29.99,8.05,5.51,0.77
Yalova,ARMUTLU,53.54,23.39,14.6,5.08,1.41
Yalova,ÇINARCIK,42.82,38.55,10.36,5.64,0.58
Yalova,ÇİFTLİKKÖY,49.6,32.26,10.98,4.22,0.96
Yalova,Merkez,48.48,31.29,9.52,7.59,0.82
Yalova,TERMAL,60.65,23.16,10.15,1.24,2.32
Yozgat,AKDAĞMADENİ,62.03,4.04,7.82,0.17,21.85
Yozgat,AYDINCIK,70.69,8.65,8.13,0.44,8.99
Yozgat,BOĞAZLIYAN,51.53,20.85,14.81,0.64,9.36
Yozgat,ÇANDIR,50.55,20.47,23.2,0.18,3.09
Yozgat,ÇAYIRALAN,55.8,15.93,12.62,0.27,11.31
Yozgat,ÇEKEREK,75.19,8.45,6.37,0.4,6.18
Yozgat,KADIŞEHRİ,77.02,7.13,5.33,0.09,7.56
Yozgat,Merkez,63.66,6.23,15.14,0.39,12.02
Yozgat,SARAYKENT,75.74,0.69,7.29,0.1,12.86
Yozgat,SARIKAYA,69.72,2.91,13.47,0.31,10.35
Yozgat,SORGUN,74.8,3.93,9.47,0.33,8.42
Yozgat,ŞEFAATLİ,50.32,6.34,15.83,0.27,23.8
Yozgat,YENİFAKILI,48.66,21.5,19.42,0.14,7.41
Yozgat,YERKÖY,57.81,5.94,18.18,2.0,12.7
Zonguldak,ALAPLI,59.9,27.84,8.15,0.61,1.23
Zonguldak,ÇAYCUMA,47.46,39.51,8.1,0.54,1.56
Zonguldak,DEVREK,56.94,29.22,8.22,0.51,1.85
Zonguldak,EREĞLİ,51.0,35.26,9.63,0.91,0.83
Zonguldak,GÖKÇEBEY,48.95,38.57,6.95,0.43,1.66
Zonguldak,KİLİMLİ,41.62,42.28,11.74,0.38,2.24
Zonguldak,KOZLU,52.17,31.6,10.83,0.92,1.88
Zonguldak,Merkez,42.39,41.78,10.93,1.11,1.7
